target,run_dir,classification,mapping_status,source_region,rows,reason
lepton,/home/jimi/PaperExperiment/CompilerOptimization/Result/lepton/yapall/LLVM14-O2-g/run_20260427_yapall_docker_lepton_linked,InlineAttributionDrift,resolved_exact_operand_instruction,project_header,46146,summarized raw ValueCases rows from result.txt-allowed runs only
lepton,/home/jimi/PaperExperiment/CompilerOptimization/Result/lepton/yapall/LLVM14-O2-g/run_20260427_yapall_docker_lepton_linked,InlineAttributionDrift,resolved_exact_operand_instruction,project_source,5506,summarized raw ValueCases rows from result.txt-allowed runs only
lepton,/home/jimi/PaperExperiment/CompilerOptimization/Result/lepton/yapall/LLVM14-O2-g/run_20260427_yapall_docker_lepton_linked,InlineAttributionDrift,resolved_exact_operand_instruction,system_header,76610,summarized raw ValueCases rows from result.txt-allowed runs only
lepton,/home/jimi/PaperExperiment/CompilerOptimization/Result/lepton/yapall/LLVM14-O2-g/run_20260427_yapall_docker_lepton_linked,InlineAttributionDrift,resolved_exact_operand_instruction,system_source,332,summarized raw ValueCases rows from result.txt-allowed runs only
lepton,/home/jimi/PaperExperiment/CompilerOptimization/Result/lepton/yapall/LLVM14-O2-g/run_20260427_yapall_docker_lepton_linked,InlineAttributionDrift,resolved_via_reverse_use,project_header,137884,summarized raw ValueCases rows from result.txt-allowed runs only
lepton,/home/jimi/PaperExperiment/CompilerOptimization/Result/lepton/yapall/LLVM14-O2-g/run_20260427_yapall_docker_lepton_linked,InlineAttributionDrift,resolved_via_reverse_use,project_source,27522,summarized raw ValueCases rows from result.txt-allowed runs only
lepton,/home/jimi/PaperExperiment/CompilerOptimization/Result/lepton/yapall/LLVM14-O2-g/run_20260427_yapall_docker_lepton_linked,InlineAttributionDrift,resolved_via_reverse_use,system_header,94154,summarized raw ValueCases rows from result.txt-allowed runs only
lepton,/home/jimi/PaperExperiment/CompilerOptimization/Result/lepton/yapall/LLVM14-O2-g/run_20260427_yapall_docker_lepton_linked,InlineAttributionDrift,resolved_via_reverse_use,system_source,470,summarized raw ValueCases rows from result.txt-allowed runs only
lepton,/home/jimi/PaperExperiment/CompilerOptimization/Result/lepton/yapall/LLVM14-O2-g/run_20260427_yapall_docker_lepton_linked,Useless-CodeConsistent,resolved_exact_operand_instruction,project_source,370,summarized raw ValueCases rows from result.txt-allowed runs only
lepton,/home/jimi/PaperExperiment/CompilerOptimization/Result/lepton/yapall/LLVM14-O2-g/run_20260427_yapall_docker_lepton_linked,Useless-CodeConsistent,resolved_via_reverse_use,project_header,4,summarized raw ValueCases rows from result.txt-allowed runs only
lepton,/home/jimi/PaperExperiment/CompilerOptimization/Result/lepton/yapall/LLVM14-O2-g/run_20260427_yapall_docker_lepton_linked,Useless-CodeConsistent,resolved_via_reverse_use,project_source,60,summarized raw ValueCases rows from result.txt-allowed runs only
lepton,/home/jimi/PaperExperiment/CompilerOptimization/Result/lepton/yapall/LLVM14-O2-g/run_20260427_yapall_docker_lepton_linked,Wanted-LineColumnMissing,source_column_out_of_range,system_header,14992,summarized raw ValueCases rows from result.txt-allowed runs only
lepton,/home/jimi/PaperExperiment/CompilerOptimization/Result/lepton/yapall/LLVM14-O2-g/run_20260427_yapall_docker_lepton_linked,Wanted-LineColumnMissing,source_line_missing,project_header,12685,summarized raw ValueCases rows from result.txt-allowed runs only
lepton,/home/jimi/PaperExperiment/CompilerOptimization/Result/lepton/yapall/LLVM14-O2-g/run_20260427_yapall_docker_lepton_linked,Wanted-LineColumnMissing,source_line_missing,project_source,15739,summarized raw ValueCases rows from result.txt-allowed runs only
lepton,/home/jimi/PaperExperiment/CompilerOptimization/Result/lepton/yapall/LLVM14-O2-g/run_20260427_yapall_docker_lepton_linked,Wanted-LineColumnMissing,source_line_missing,system_header,12280,summarized raw ValueCases rows from result.txt-allowed runs only
lepton,/home/jimi/PaperExperiment/CompilerOptimization/Result/lepton/yapall/LLVM14-O2-g/run_20260427_yapall_docker_lepton_linked,Wanted-LineColumnMissing,source_line_missing,system_source,285,summarized raw ValueCases rows from result.txt-allowed runs only
lepton,/home/jimi/PaperExperiment/CompilerOptimization/Result/lepton/yapall/LLVM14-O2-g/run_20260427_yapall_docker_lepton_linked,WrongFunctionAttribution,resolved_exact_operand_instruction,project_header,2427,summarized raw ValueCases rows from result.txt-allowed runs only
lepton,/home/jimi/PaperExperiment/CompilerOptimization/Result/lepton/yapall/LLVM14-O2-g/run_20260427_yapall_docker_lepton_linked,WrongFunctionAttribution,resolved_exact_operand_instruction,project_source,65378,summarized raw ValueCases rows from result.txt-allowed runs only
lepton,/home/jimi/PaperExperiment/CompilerOptimization/Result/lepton/yapall/LLVM14-O2-g/run_20260427_yapall_docker_lepton_linked,WrongFunctionAttribution,resolved_exact_operand_instruction,system_header,5853,summarized raw ValueCases rows from result.txt-allowed runs only
lepton,/home/jimi/PaperExperiment/CompilerOptimization/Result/lepton/yapall/LLVM14-O2-g/run_20260427_yapall_docker_lepton_linked,WrongFunctionAttribution,resolved_via_reverse_use,project_header,11004,summarized raw ValueCases rows from result.txt-allowed runs only
lepton,/home/jimi/PaperExperiment/CompilerOptimization/Result/lepton/yapall/LLVM14-O2-g/run_20260427_yapall_docker_lepton_linked,WrongFunctionAttribution,resolved_via_reverse_use,project_source,82394,summarized raw ValueCases rows from result.txt-allowed runs only
lepton,/home/jimi/PaperExperiment/CompilerOptimization/Result/lepton/yapall/LLVM14-O2-g/run_20260427_yapall_docker_lepton_linked,WrongFunctionAttribution,resolved_via_reverse_use,system_header,827,summarized raw ValueCases rows from result.txt-allowed runs only
lepton,/home/jimi/PaperExperiment/CompilerOptimization/Result/lepton/yapall/LLVM14-O2-g/run_20260427_yapall_docker_lepton_linked,WrongFunctionAttribution,resolved_via_reverse_use,system_source,2,summarized raw ValueCases rows from result.txt-allowed runs only
lepton,/home/jimi/PaperExperiment/CompilerOptimization/Result/lepton/yapall/LLVM14-O2-g/run_20260427_yapall_docker_lepton_linked,missing_debug_location,missing_debug_location,llvm_ir_only,30823,summarized raw ValueCases rows from result.txt-allowed runs only
lepton,/home/jimi/PaperExperiment/CompilerOptimization/Result/lepton/yapall/LLVM14-O2-g/run_20260427_yapall_docker_lepton_linked,tool_output_insufficient,tool_output_insufficient,llvm_ir_only,226,summarized raw ValueCases rows from result.txt-allowed runs only
lepton,/home/jimi/PaperExperiment/CompilerOptimization/Result/lepton/yapall/LLVM14-O2-g/run_20260427_yapall_docker_lepton_linked,unlocatable_operand,unlocatable_operand,llvm_ir_only,168858,summarized raw ValueCases rows from result.txt-allowed runs only
libsndfile,/home/jimi/PaperExperiment/CompilerOptimization/Result/libsndfile/yapall/LLVM14-O2-g/run_20260427_yapall_docker_sndfile_convert_linked,ColumnPointsToWrongToken,resolved_exact_operand_instruction,project_source,21426,summarized raw ValueCases rows from result.txt-allowed runs only
libsndfile,/home/jimi/PaperExperiment/CompilerOptimization/Result/libsndfile/yapall/LLVM14-O2-g/run_20260427_yapall_docker_sndfile_convert_linked,ColumnPointsToWrongToken,resolved_via_reverse_use,project_source,2164,summarized raw ValueCases rows from result.txt-allowed runs only
libsndfile,/home/jimi/PaperExperiment/CompilerOptimization/Result/libsndfile/yapall/LLVM14-O2-g/run_20260427_yapall_docker_sndfile_convert_linked,InlineAttributionDrift,resolved_exact_operand_instruction,project_source,111892,summarized raw ValueCases rows from result.txt-allowed runs only
libsndfile,/home/jimi/PaperExperiment/CompilerOptimization/Result/libsndfile/yapall/LLVM14-O2-g/run_20260427_yapall_docker_sndfile_convert_linked,InlineAttributionDrift,resolved_via_reverse_use,project_header,811,summarized raw ValueCases rows from result.txt-allowed runs only
libsndfile,/home/jimi/PaperExperiment/CompilerOptimization/Result/libsndfile/yapall/LLVM14-O2-g/run_20260427_yapall_docker_sndfile_convert_linked,InlineAttributionDrift,resolved_via_reverse_use,project_source,58770,summarized raw ValueCases rows from result.txt-allowed runs only
libsndfile,/home/jimi/PaperExperiment/CompilerOptimization/Result/libsndfile/yapall/LLVM14-O2-g/run_20260427_yapall_docker_sndfile_convert_linked,InlineAttributionDrift,resolved_via_reverse_use,system_header,163,summarized raw ValueCases rows from result.txt-allowed runs only
libsndfile,/home/jimi/PaperExperiment/CompilerOptimization/Result/libsndfile/yapall/LLVM14-O2-g/run_20260427_yapall_docker_sndfile_convert_linked,Useless-CodeConsistent,resolved_exact_operand_instruction,project_source,241234,summarized raw ValueCases rows from result.txt-allowed runs only
libsndfile,/home/jimi/PaperExperiment/CompilerOptimization/Result/libsndfile/yapall/LLVM14-O2-g/run_20260427_yapall_docker_sndfile_convert_linked,Useless-CodeConsistent,resolved_via_reverse_use,project_source,230364,summarized raw ValueCases rows from result.txt-allowed runs only
libsndfile,/home/jimi/PaperExperiment/CompilerOptimization/Result/libsndfile/yapall/LLVM14-O2-g/run_20260427_yapall_docker_sndfile_convert_linked,Wanted-LineColumnMissing,source_line_missing,project_header,343,summarized raw ValueCases rows from result.txt-allowed runs only
libsndfile,/home/jimi/PaperExperiment/CompilerOptimization/Result/libsndfile/yapall/LLVM14-O2-g/run_20260427_yapall_docker_sndfile_convert_linked,Wanted-LineColumnMissing,source_line_missing,project_source,16092,summarized raw ValueCases rows from result.txt-allowed runs only
libsndfile,/home/jimi/PaperExperiment/CompilerOptimization/Result/libsndfile/yapall/LLVM14-O2-g/run_20260427_yapall_docker_sndfile_convert_linked,Wanted-LineColumnMissing,source_line_missing,system_header,117,summarized raw ValueCases rows from result.txt-allowed runs only
libsndfile,/home/jimi/PaperExperiment/CompilerOptimization/Result/libsndfile/yapall/LLVM14-O2-g/run_20260427_yapall_docker_sndfile_convert_linked,WrongFunctionAttribution,resolved_exact_operand_instruction,project_source,978,summarized raw ValueCases rows from result.txt-allowed runs only
libsndfile,/home/jimi/PaperExperiment/CompilerOptimization/Result/libsndfile/yapall/LLVM14-O2-g/run_20260427_yapall_docker_sndfile_convert_linked,WrongFunctionAttribution,resolved_via_reverse_use,project_source,2685,summarized raw ValueCases rows from result.txt-allowed runs only
libsndfile,/home/jimi/PaperExperiment/CompilerOptimization/Result/libsndfile/yapall/LLVM14-O2-g/run_20260427_yapall_docker_sndfile_convert_linked,missing_debug_location,missing_debug_location,llvm_ir_only,24718,summarized raw ValueCases rows from result.txt-allowed runs only
libsndfile,/home/jimi/PaperExperiment/CompilerOptimization/Result/libsndfile/yapall/LLVM14-O2-g/run_20260427_yapall_docker_sndfile_convert_linked,tool_output_insufficient,tool_output_insufficient,llvm_ir_only,924,summarized raw ValueCases rows from result.txt-allowed runs only
libsndfile,/home/jimi/PaperExperiment/CompilerOptimization/Result/libsndfile/yapall/LLVM14-O2-g/run_20260427_yapall_docker_sndfile_convert_linked,unlocatable_operand,unlocatable_operand,llvm_ir_only,584551,summarized raw ValueCases rows from result.txt-allowed runs only
masscan,/home/jimi/PaperExperiment/CompilerOptimization/Result/masscan/yapall/LLVM14-O2-g/run_20260427_yapall_docker_masscan_linked,ColumnPointsToWrongToken,resolved_exact_operand_instruction,project_source,4852,summarized raw ValueCases rows from result.txt-allowed runs only
masscan,/home/jimi/PaperExperiment/CompilerOptimization/Result/masscan/yapall/LLVM14-O2-g/run_20260427_yapall_docker_masscan_linked,ColumnPointsToWrongToken,resolved_via_reverse_use,project_source,985,summarized raw ValueCases rows from result.txt-allowed runs only
masscan,/home/jimi/PaperExperiment/CompilerOptimization/Result/masscan/yapall/LLVM14-O2-g/run_20260427_yapall_docker_masscan_linked,InlineAttributionDrift,resolved_exact_operand_instruction,project_header,1679,summarized raw ValueCases rows from result.txt-allowed runs only
masscan,/home/jimi/PaperExperiment/CompilerOptimization/Result/masscan/yapall/LLVM14-O2-g/run_20260427_yapall_docker_masscan_linked,InlineAttributionDrift,resolved_exact_operand_instruction,project_source,19614,summarized raw ValueCases rows from result.txt-allowed runs only
masscan,/home/jimi/PaperExperiment/CompilerOptimization/Result/masscan/yapall/LLVM14-O2-g/run_20260427_yapall_docker_masscan_linked,InlineAttributionDrift,resolved_via_reverse_use,project_header,1891,summarized raw ValueCases rows from result.txt-allowed runs only
masscan,/home/jimi/PaperExperiment/CompilerOptimization/Result/masscan/yapall/LLVM14-O2-g/run_20260427_yapall_docker_masscan_linked,InlineAttributionDrift,resolved_via_reverse_use,project_source,32179,summarized raw ValueCases rows from result.txt-allowed runs only
masscan,/home/jimi/PaperExperiment/CompilerOptimization/Result/masscan/yapall/LLVM14-O2-g/run_20260427_yapall_docker_masscan_linked,InlineAttributionDrift,resolved_via_reverse_use,system_header,4,summarized raw ValueCases rows from result.txt-allowed runs only
masscan,/home/jimi/PaperExperiment/CompilerOptimization/Result/masscan/yapall/LLVM14-O2-g/run_20260427_yapall_docker_masscan_linked,Useless-CodeConsistent,resolved_exact_operand_instruction,project_source,36154,summarized raw ValueCases rows from result.txt-allowed runs only
masscan,/home/jimi/PaperExperiment/CompilerOptimization/Result/masscan/yapall/LLVM14-O2-g/run_20260427_yapall_docker_masscan_linked,Useless-CodeConsistent,resolved_via_reverse_use,project_source,76791,summarized raw ValueCases rows from result.txt-allowed runs only
masscan,/home/jimi/PaperExperiment/CompilerOptimization/Result/masscan/yapall/LLVM14-O2-g/run_20260427_yapall_docker_masscan_linked,Wanted-LineColumnMissing,source_line_missing,project_header,208,summarized raw ValueCases rows from result.txt-allowed runs only
masscan,/home/jimi/PaperExperiment/CompilerOptimization/Result/masscan/yapall/LLVM14-O2-g/run_20260427_yapall_docker_masscan_linked,Wanted-LineColumnMissing,source_line_missing,project_source,24329,summarized raw ValueCases rows from result.txt-allowed runs only
masscan,/home/jimi/PaperExperiment/CompilerOptimization/Result/masscan/yapall/LLVM14-O2-g/run_20260427_yapall_docker_masscan_linked,Wanted-LineColumnMissing,source_line_missing,system_header,4,summarized raw ValueCases rows from result.txt-allowed runs only
masscan,/home/jimi/PaperExperiment/CompilerOptimization/Result/masscan/yapall/LLVM14-O2-g/run_20260427_yapall_docker_masscan_linked,WrongFunctionAttribution,resolved_exact_operand_instruction,project_source,14976,summarized raw ValueCases rows from result.txt-allowed runs only
masscan,/home/jimi/PaperExperiment/CompilerOptimization/Result/masscan/yapall/LLVM14-O2-g/run_20260427_yapall_docker_masscan_linked,WrongFunctionAttribution,resolved_via_reverse_use,project_source,22368,summarized raw ValueCases rows from result.txt-allowed runs only
masscan,/home/jimi/PaperExperiment/CompilerOptimization/Result/masscan/yapall/LLVM14-O2-g/run_20260427_yapall_docker_masscan_linked,missing_debug_location,missing_debug_location,llvm_ir_only,20635,summarized raw ValueCases rows from result.txt-allowed runs only
masscan,/home/jimi/PaperExperiment/CompilerOptimization/Result/masscan/yapall/LLVM14-O2-g/run_20260427_yapall_docker_masscan_linked,tool_output_insufficient,tool_output_insufficient,llvm_ir_only,568,summarized raw ValueCases rows from result.txt-allowed runs only
masscan,/home/jimi/PaperExperiment/CompilerOptimization/Result/masscan/yapall/LLVM14-O2-g/run_20260427_yapall_docker_masscan_linked,unlocatable_operand,unlocatable_operand,llvm_ir_only,148881,summarized raw ValueCases rows from result.txt-allowed runs only
tengine,/home/jimi/PaperExperiment/CompilerOptimization/Result/tengine/yapall/LLVM14-O2-g/run_20260427_yapall_docker_tengine_linked,ColumnPointsToWrongToken,resolved_exact_operand_instruction,project_header,8,summarized raw ValueCases rows from result.txt-allowed runs only
tengine,/home/jimi/PaperExperiment/CompilerOptimization/Result/tengine/yapall/LLVM14-O2-g/run_20260427_yapall_docker_tengine_linked,InlineAttributionDrift,resolved_exact_operand_instruction,project_header,285,summarized raw ValueCases rows from result.txt-allowed runs only
tengine,/home/jimi/PaperExperiment/CompilerOptimization/Result/tengine/yapall/LLVM14-O2-g/run_20260427_yapall_docker_tengine_linked,InlineAttributionDrift,resolved_via_reverse_use,project_header,8239,summarized raw ValueCases rows from result.txt-allowed runs only
tengine,/home/jimi/PaperExperiment/CompilerOptimization/Result/tengine/yapall/LLVM14-O2-g/run_20260427_yapall_docker_tengine_linked,Useless-CodeConsistent,resolved_exact_operand_instruction,project_header,423,summarized raw ValueCases rows from result.txt-allowed runs only
tengine,/home/jimi/PaperExperiment/CompilerOptimization/Result/tengine/yapall/LLVM14-O2-g/run_20260427_yapall_docker_tengine_linked,Useless-CodeConsistent,resolved_exact_operand_instruction,project_source,7,summarized raw ValueCases rows from result.txt-allowed runs only
tengine,/home/jimi/PaperExperiment/CompilerOptimization/Result/tengine/yapall/LLVM14-O2-g/run_20260427_yapall_docker_tengine_linked,Useless-CodeConsistent,resolved_via_reverse_use,project_header,192,summarized raw ValueCases rows from result.txt-allowed runs only
tengine,/home/jimi/PaperExperiment/CompilerOptimization/Result/tengine/yapall/LLVM14-O2-g/run_20260427_yapall_docker_tengine_linked,Useless-CodeConsistent,resolved_via_reverse_use,project_source,33,summarized raw ValueCases rows from result.txt-allowed runs only
tengine,/home/jimi/PaperExperiment/CompilerOptimization/Result/tengine/yapall/LLVM14-O2-g/run_20260427_yapall_docker_tengine_linked,Wanted-LineColumnMissing,source_line_missing,project_header,81,summarized raw ValueCases rows from result.txt-allowed runs only
tengine,/home/jimi/PaperExperiment/CompilerOptimization/Result/tengine/yapall/LLVM14-O2-g/run_20260427_yapall_docker_tengine_linked,Wanted-LineColumnMissing,source_line_missing,project_source,22,summarized raw ValueCases rows from result.txt-allowed runs only
tengine,/home/jimi/PaperExperiment/CompilerOptimization/Result/tengine/yapall/LLVM14-O2-g/run_20260427_yapall_docker_tengine_linked,WrongFunctionAttribution,resolved_exact_operand_instruction,project_header,2,summarized raw ValueCases rows from result.txt-allowed runs only
tengine,/home/jimi/PaperExperiment/CompilerOptimization/Result/tengine/yapall/LLVM14-O2-g/run_20260427_yapall_docker_tengine_linked,WrongFunctionAttribution,resolved_via_reverse_use,project_header,150,summarized raw ValueCases rows from result.txt-allowed runs only
tengine,/home/jimi/PaperExperiment/CompilerOptimization/Result/tengine/yapall/LLVM14-O2-g/run_20260427_yapall_docker_tengine_linked,WrongFunctionAttribution,resolved_via_reverse_use,project_source,7,summarized raw ValueCases rows from result.txt-allowed runs only
tengine,/home/jimi/PaperExperiment/CompilerOptimization/Result/tengine/yapall/LLVM14-O2-g/run_20260427_yapall_docker_tengine_linked,missing_debug_location,missing_debug_location,llvm_ir_only,329,summarized raw ValueCases rows from result.txt-allowed runs only
tengine,/home/jimi/PaperExperiment/CompilerOptimization/Result/tengine/yapall/LLVM14-O2-g/run_20260427_yapall_docker_tengine_linked,tool_output_insufficient,tool_output_insufficient,llvm_ir_only,7,summarized raw ValueCases rows from result.txt-allowed runs only
tengine,/home/jimi/PaperExperiment/CompilerOptimization/Result/tengine/yapall/LLVM14-O2-g/run_20260427_yapall_docker_tengine_linked,unlocatable_operand,unlocatable_operand,llvm_ir_only,145,summarized raw ValueCases rows from result.txt-allowed runs only
zopfli,/home/jimi/PaperExperiment/CompilerOptimization/Result/zopfli/yapall/LLVM14-O2-g/run_20260427_yapall_docker_smoke,ColumnPointsToWrongToken,resolved_exact_operand_instruction,project_source,25,summarized raw ValueCases rows from result.txt-allowed runs only
zopfli,/home/jimi/PaperExperiment/CompilerOptimization/Result/zopfli/yapall/LLVM14-O2-g/run_20260427_yapall_docker_smoke,InlineAttributionDrift,resolved_exact_operand_instruction,project_source,82,summarized raw ValueCases rows from result.txt-allowed runs only
zopfli,/home/jimi/PaperExperiment/CompilerOptimization/Result/zopfli/yapall/LLVM14-O2-g/run_20260427_yapall_docker_smoke,InlineAttributionDrift,resolved_via_reverse_use,project_source,94,summarized raw ValueCases rows from result.txt-allowed runs only
zopfli,/home/jimi/PaperExperiment/CompilerOptimization/Result/zopfli/yapall/LLVM14-O2-g/run_20260427_yapall_docker_smoke,Useless-CodeConsistent,resolved_exact_operand_instruction,project_source,32,summarized raw ValueCases rows from result.txt-allowed runs only
zopfli,/home/jimi/PaperExperiment/CompilerOptimization/Result/zopfli/yapall/LLVM14-O2-g/run_20260427_yapall_docker_smoke,Wanted-LineColumnMissing,source_line_missing,project_source,27,summarized raw ValueCases rows from result.txt-allowed runs only
zopfli,/home/jimi/PaperExperiment/CompilerOptimization/Result/zopfli/yapall/LLVM14-O2-g/run_20260427_yapall_docker_smoke,WrongFunctionAttribution,resolved_exact_operand_instruction,project_source,9,summarized raw ValueCases rows from result.txt-allowed runs only
zopfli,/home/jimi/PaperExperiment/CompilerOptimization/Result/zopfli/yapall/LLVM14-O2-g/run_20260427_yapall_docker_smoke,missing_debug_location,missing_debug_location,llvm_ir_only,29,summarized raw ValueCases rows from result.txt-allowed runs only
zopfli,/home/jimi/PaperExperiment/CompilerOptimization/Result/zopfli/yapall/LLVM14-O2-g/run_20260427_yapall_docker_smoke,tool_output_insufficient,tool_output_insufficient,llvm_ir_only,1,summarized raw ValueCases rows from result.txt-allowed runs only
zopfli,/home/jimi/PaperExperiment/CompilerOptimization/Result/zopfli/yapall/LLVM14-O2-g/run_20260427_yapall_docker_smoke,unlocatable_operand,unlocatable_operand,llvm_ir_only,15,summarized raw ValueCases rows from result.txt-allowed runs only
