check,encoding,unroll,verifier,result,stdout_log,stderr_log,key_message
memory-safety,na,10,default,backend failure,/home/jimi/PaperExperiment/CompilerOptimization/Result/zfp/smack/smack-O2-g/runs/run_20260410_005715/log/translate.stdout.log,/home/jimi/PaperExperiment/CompilerOptimization/Result/zfp/smack/smack-O2-g/runs/run_20260410_005715/log/translate.stderr.log,Traceback (most recent call last):
assertions,unbounded-integer,10,default,backend failure,/home/jimi/PaperExperiment/CompilerOptimization/Result/zfp/smack/smack-O2-g/runs/run_20260410_005715/log/smack.assertions.ub.u10.default.stdout.log,/home/jimi/PaperExperiment/CompilerOptimization/Result/zfp/smack/smack-O2-g/runs/run_20260410_005715/log/smack.assertions.ub.u10.default.stderr.log,Traceback (most recent call last):
memory-safety,unbounded-integer,10,default,backend failure,/home/jimi/PaperExperiment/CompilerOptimization/Result/zfp/smack/smack-O2-g/runs/run_20260410_005715/log/smack.memory-safety.ub.u10.default.stdout.log,/home/jimi/PaperExperiment/CompilerOptimization/Result/zfp/smack/smack-O2-g/runs/run_20260410_005715/log/smack.memory-safety.ub.u10.default.stderr.log,Traceback (most recent call last):
integer-overflow,unbounded-integer,10,default,backend failure,/home/jimi/PaperExperiment/CompilerOptimization/Result/zfp/smack/smack-O2-g/runs/run_20260410_005715/log/smack.integer-overflow.ub.u10.default.stdout.log,/home/jimi/PaperExperiment/CompilerOptimization/Result/zfp/smack/smack-O2-g/runs/run_20260410_005715/log/smack.integer-overflow.ub.u10.default.stderr.log,Traceback (most recent call last):
memory-safety,unbounded-integer,16,default,backend failure,/home/jimi/PaperExperiment/CompilerOptimization/Result/zfp/smack/smack-O2-g/runs/run_20260410_005715/log/smack.memory-safety.ub.u16.default.stdout.log,/home/jimi/PaperExperiment/CompilerOptimization/Result/zfp/smack/smack-O2-g/runs/run_20260410_005715/log/smack.memory-safety.ub.u16.default.stderr.log,Traceback (most recent call last):
assertions,bit-vector,10,default,backend failure,/home/jimi/PaperExperiment/CompilerOptimization/Result/zfp/smack/smack-O2-g/runs/run_20260410_005715/log/smack.assertions.bv.u10.default.stdout.log,/home/jimi/PaperExperiment/CompilerOptimization/Result/zfp/smack/smack-O2-g/runs/run_20260410_005715/log/smack.assertions.bv.u10.default.stderr.log,Traceback (most recent call last):
memory-safety,bit-vector,10,default,backend failure,/home/jimi/PaperExperiment/CompilerOptimization/Result/zfp/smack/smack-O2-g/runs/run_20260410_005715/log/smack.memory-safety.bv.u10.default.stdout.log,/home/jimi/PaperExperiment/CompilerOptimization/Result/zfp/smack/smack-O2-g/runs/run_20260410_005715/log/smack.memory-safety.bv.u10.default.stderr.log,Traceback (most recent call last):
integer-overflow,bit-vector,10,default,backend failure,/home/jimi/PaperExperiment/CompilerOptimization/Result/zfp/smack/smack-O2-g/runs/run_20260410_005715/log/smack.integer-overflow.bv.u10.default.stdout.log,/home/jimi/PaperExperiment/CompilerOptimization/Result/zfp/smack/smack-O2-g/runs/run_20260410_005715/log/smack.integer-overflow.bv.u10.default.stderr.log,Traceback (most recent call last):
memory-safety,unbounded-integer,10,svcomp,backend failure,/home/jimi/PaperExperiment/CompilerOptimization/Result/zfp/smack/smack-O2-g/runs/run_20260410_005715/log/smack.memory-safety.ub.u10.svcomp.stdout.log,/home/jimi/PaperExperiment/CompilerOptimization/Result/zfp/smack/smack-O2-g/runs/run_20260410_005715/log/smack.memory-safety.ub.u10.svcomp.stderr.log,Traceback (most recent call last):
