mode,check,encoding,unroll,verifier,timeout_sec,exit_code,elapsed_sec,result,key_message,stdout_log,stderr_log
translate,memory-safety,na,10,default,2100,1,6,backend failure,Traceback (most recent call last):,/home/jimi/PaperExperiment/CompilerOptimization/Result/zfp/smack/smack-O2-g/runs/run_20260410_005715/log/translate.stdout.log,/home/jimi/PaperExperiment/CompilerOptimization/Result/zfp/smack/smack-O2-g/runs/run_20260410_005715/log/translate.stderr.log
verify,assertions,unbounded-integer,10,default,2100,1,6,backend failure,Traceback (most recent call last):,/home/jimi/PaperExperiment/CompilerOptimization/Result/zfp/smack/smack-O2-g/runs/run_20260410_005715/log/smack.assertions.ub.u10.default.stdout.log,/home/jimi/PaperExperiment/CompilerOptimization/Result/zfp/smack/smack-O2-g/runs/run_20260410_005715/log/smack.assertions.ub.u10.default.stderr.log
verify,memory-safety,unbounded-integer,10,default,2100,1,5,backend failure,Traceback (most recent call last):,/home/jimi/PaperExperiment/CompilerOptimization/Result/zfp/smack/smack-O2-g/runs/run_20260410_005715/log/smack.memory-safety.ub.u10.default.stdout.log,/home/jimi/PaperExperiment/CompilerOptimization/Result/zfp/smack/smack-O2-g/runs/run_20260410_005715/log/smack.memory-safety.ub.u10.default.stderr.log
verify,integer-overflow,unbounded-integer,10,default,2100,1,5,backend failure,Traceback (most recent call last):,/home/jimi/PaperExperiment/CompilerOptimization/Result/zfp/smack/smack-O2-g/runs/run_20260410_005715/log/smack.integer-overflow.ub.u10.default.stdout.log,/home/jimi/PaperExperiment/CompilerOptimization/Result/zfp/smack/smack-O2-g/runs/run_20260410_005715/log/smack.integer-overflow.ub.u10.default.stderr.log
verify,memory-safety,unbounded-integer,16,default,2100,1,5,backend failure,Traceback (most recent call last):,/home/jimi/PaperExperiment/CompilerOptimization/Result/zfp/smack/smack-O2-g/runs/run_20260410_005715/log/smack.memory-safety.ub.u16.default.stdout.log,/home/jimi/PaperExperiment/CompilerOptimization/Result/zfp/smack/smack-O2-g/runs/run_20260410_005715/log/smack.memory-safety.ub.u16.default.stderr.log
verify,assertions,bit-vector,10,default,2100,1,5,backend failure,Traceback (most recent call last):,/home/jimi/PaperExperiment/CompilerOptimization/Result/zfp/smack/smack-O2-g/runs/run_20260410_005715/log/smack.assertions.bv.u10.default.stdout.log,/home/jimi/PaperExperiment/CompilerOptimization/Result/zfp/smack/smack-O2-g/runs/run_20260410_005715/log/smack.assertions.bv.u10.default.stderr.log
verify,memory-safety,bit-vector,10,default,2100,1,5,backend failure,Traceback (most recent call last):,/home/jimi/PaperExperiment/CompilerOptimization/Result/zfp/smack/smack-O2-g/runs/run_20260410_005715/log/smack.memory-safety.bv.u10.default.stdout.log,/home/jimi/PaperExperiment/CompilerOptimization/Result/zfp/smack/smack-O2-g/runs/run_20260410_005715/log/smack.memory-safety.bv.u10.default.stderr.log
verify,integer-overflow,bit-vector,10,default,2100,1,5,backend failure,Traceback (most recent call last):,/home/jimi/PaperExperiment/CompilerOptimization/Result/zfp/smack/smack-O2-g/runs/run_20260410_005715/log/smack.integer-overflow.bv.u10.default.stdout.log,/home/jimi/PaperExperiment/CompilerOptimization/Result/zfp/smack/smack-O2-g/runs/run_20260410_005715/log/smack.integer-overflow.bv.u10.default.stderr.log
verify,memory-safety,unbounded-integer,10,svcomp,2100,1,6,backend failure,Traceback (most recent call last):,/home/jimi/PaperExperiment/CompilerOptimization/Result/zfp/smack/smack-O2-g/runs/run_20260410_005715/log/smack.memory-safety.ub.u10.svcomp.stdout.log,/home/jimi/PaperExperiment/CompilerOptimization/Result/zfp/smack/smack-O2-g/runs/run_20260410_005715/log/smack.memory-safety.ub.u10.svcomp.stderr.log
