step,analysis_kind,analysis_mode,timeout_sec,overall_status,line_status,line_exit_code,line_elapsed_sec,line_issue,line_stdout,line_stderr,dot_status,dot_exit_code,dot_elapsed_sec,dot_issue,dot_file,dot_stderr,command_lines,command_dot,expected_unsupported
pta_fi,PTA,fi,900,timeout,timeout,124,900,TIMEOUT,/home/jimi/PaperExperiment/CompilerOptimization/Result/masscan/dg/dg-LLVM14-O2-g/high_precision_20260326_165024/log/pta_fi.lines.stdout.log,/home/jimi/PaperExperiment/CompilerOptimization/Result/masscan/dg/dg-LLVM14-O2-g/high_precision_20260326_165024/log/pta_fi.lines.stderr.log,timeout,124,900,TIMEOUT,/home/jimi/PaperExperiment/CompilerOptimization/Result/masscan/dg/dg-LLVM14-O2-g/high_precision_20260326_165024/dot/pta_fi.dot,/home/jimi/PaperExperiment/CompilerOptimization/Result/masscan/dg/dg-LLVM14-O2-g/high_precision_20260326_165024/log/pta_fi.dot.stderr.log,"docker run --rm -v /home/jimi/PaperExperiment:/work -w /work --entrypoint /bin/bash dg-llvm14:latest -lc '/opt/dg/bin/llvm-pta-dump --c-lines -pta fi '""'""'/work/CompilerOptimization/CompilerResult/masscan/LLVM14-O2-g/artifacts/masscan_O2_g.bc'""'""''","docker run --rm -v /home/jimi/PaperExperiment:/work -w /work --entrypoint /bin/bash dg-llvm14:latest -lc '/opt/dg/bin/llvm-pta-dump --c-lines --ir --dot -pta fi '""'""'/work/CompilerOptimization/CompilerResult/masscan/LLVM14-O2-g/artifacts/masscan_O2_g.bc'""'""' > '""'""'/work/CompilerOptimization/Result/masscan/dg/dg-LLVM14-O2-g/high_precision_20260326_165024/dot/pta_fi.dot'""'""''",0
pta_fs,PTA,fs,1200,failed,failed,137,123,WARN: Unsupported return of an aggregate type,/home/jimi/PaperExperiment/CompilerOptimization/Result/masscan/dg/dg-LLVM14-O2-g/high_precision_20260326_165024/log/pta_fs.lines.stdout.log,/home/jimi/PaperExperiment/CompilerOptimization/Result/masscan/dg/dg-LLVM14-O2-g/high_precision_20260326_165024/log/pta_fs.lines.stderr.log,failed,137,110,WARN: Unsupported return of an aggregate type,/home/jimi/PaperExperiment/CompilerOptimization/Result/masscan/dg/dg-LLVM14-O2-g/high_precision_20260326_165024/dot/pta_fs.dot,/home/jimi/PaperExperiment/CompilerOptimization/Result/masscan/dg/dg-LLVM14-O2-g/high_precision_20260326_165024/log/pta_fs.dot.stderr.log,"docker run --rm -v /home/jimi/PaperExperiment:/work -w /work --entrypoint /bin/bash dg-llvm14:latest -lc '/opt/dg/bin/llvm-pta-dump --c-lines -pta fs --pta-field-sensitive 64 '""'""'/work/CompilerOptimization/CompilerResult/masscan/LLVM14-O2-g/artifacts/masscan_O2_g.bc'""'""''","docker run --rm -v /home/jimi/PaperExperiment:/work -w /work --entrypoint /bin/bash dg-llvm14:latest -lc '/opt/dg/bin/llvm-pta-dump --c-lines --ir --dot -pta fs --pta-field-sensitive 64 '""'""'/work/CompilerOptimization/CompilerResult/masscan/LLVM14-O2-g/artifacts/masscan_O2_g.bc'""'""' > '""'""'/work/CompilerOptimization/Result/masscan/dg/dg-LLVM14-O2-g/high_precision_20260326_165024/dot/pta_fs.dot'""'""''",0
pta_inv,PTA,inv,1200,failed,failed,137,90,WARN: Unsupported return of an aggregate type,/home/jimi/PaperExperiment/CompilerOptimization/Result/masscan/dg/dg-LLVM14-O2-g/high_precision_20260326_165024/log/pta_inv.lines.stdout.log,/home/jimi/PaperExperiment/CompilerOptimization/Result/masscan/dg/dg-LLVM14-O2-g/high_precision_20260326_165024/log/pta_inv.lines.stderr.log,failed,137,90,WARN: Unsupported return of an aggregate type,/home/jimi/PaperExperiment/CompilerOptimization/Result/masscan/dg/dg-LLVM14-O2-g/high_precision_20260326_165024/dot/pta_inv.dot,/home/jimi/PaperExperiment/CompilerOptimization/Result/masscan/dg/dg-LLVM14-O2-g/high_precision_20260326_165024/log/pta_inv.dot.stderr.log,"docker run --rm -v /home/jimi/PaperExperiment:/work -w /work --entrypoint /bin/bash dg-llvm14:latest -lc '/opt/dg/bin/llvm-pta-dump --c-lines -pta inv --pta-field-sensitive 64 '""'""'/work/CompilerOptimization/CompilerResult/masscan/LLVM14-O2-g/artifacts/masscan_O2_g.bc'""'""''","docker run --rm -v /home/jimi/PaperExperiment:/work -w /work --entrypoint /bin/bash dg-llvm14:latest -lc '/opt/dg/bin/llvm-pta-dump --c-lines --ir --dot -pta inv --pta-field-sensitive 64 '""'""'/work/CompilerOptimization/CompilerResult/masscan/LLVM14-O2-g/artifacts/masscan_O2_g.bc'""'""' > '""'""'/work/CompilerOptimization/Result/masscan/dg/dg-LLVM14-O2-g/high_precision_20260326_165024/dot/pta_inv.dot'""'""''",0
dda_fi,DDA,ssa+fi,900,timeout,timeout,124,900,TIMEOUT,/home/jimi/PaperExperiment/CompilerOptimization/Result/masscan/dg/dg-LLVM14-O2-g/high_precision_20260326_165024/log/dda_fi.lines.stdout.log,/home/jimi/PaperExperiment/CompilerOptimization/Result/masscan/dg/dg-LLVM14-O2-g/high_precision_20260326_165024/log/dda_fi.lines.stderr.log,timeout,124,900,TIMEOUT,/home/jimi/PaperExperiment/CompilerOptimization/Result/masscan/dg/dg-LLVM14-O2-g/high_precision_20260326_165024/dot/dda_fi.dot,/home/jimi/PaperExperiment/CompilerOptimization/Result/masscan/dg/dg-LLVM14-O2-g/high_precision_20260326_165024/log/dda_fi.dot.stderr.log,"docker run --rm -v /home/jimi/PaperExperiment:/work -w /work --entrypoint /bin/bash dg-llvm14:latest -lc '/opt/dg/bin/llvm-dda-dump --c-lines -dda ssa -pta fi '""'""'/work/CompilerOptimization/CompilerResult/masscan/LLVM14-O2-g/artifacts/masscan_O2_g.bc'""'""''","docker run --rm -v /home/jimi/PaperExperiment:/work -w /work --entrypoint /bin/bash dg-llvm14:latest -lc '/opt/dg/bin/llvm-dda-dump --c-lines --dot -dda ssa -pta fi '""'""'/work/CompilerOptimization/CompilerResult/masscan/LLVM14-O2-g/artifacts/masscan_O2_g.bc'""'""' > '""'""'/work/CompilerOptimization/Result/masscan/dg/dg-LLVM14-O2-g/high_precision_20260326_165024/dot/dda_fi.dot'""'""''",0
dda_fs,DDA,ssa+fs,1200,failed,failed,137,67,WARN: Unsupported return of an aggregate type,/home/jimi/PaperExperiment/CompilerOptimization/Result/masscan/dg/dg-LLVM14-O2-g/high_precision_20260326_165024/log/dda_fs.lines.stdout.log,/home/jimi/PaperExperiment/CompilerOptimization/Result/masscan/dg/dg-LLVM14-O2-g/high_precision_20260326_165024/log/dda_fs.lines.stderr.log,failed,137,68,WARN: Unsupported return of an aggregate type,/home/jimi/PaperExperiment/CompilerOptimization/Result/masscan/dg/dg-LLVM14-O2-g/high_precision_20260326_165024/dot/dda_fs.dot,/home/jimi/PaperExperiment/CompilerOptimization/Result/masscan/dg/dg-LLVM14-O2-g/high_precision_20260326_165024/log/dda_fs.dot.stderr.log,"docker run --rm -v /home/jimi/PaperExperiment:/work -w /work --entrypoint /bin/bash dg-llvm14:latest -lc '/opt/dg/bin/llvm-dda-dump --c-lines -dda ssa -pta fs --pta-field-sensitive 64 '""'""'/work/CompilerOptimization/CompilerResult/masscan/LLVM14-O2-g/artifacts/masscan_O2_g.bc'""'""''","docker run --rm -v /home/jimi/PaperExperiment:/work -w /work --entrypoint /bin/bash dg-llvm14:latest -lc '/opt/dg/bin/llvm-dda-dump --c-lines --dot -dda ssa -pta fs --pta-field-sensitive 64 '""'""'/work/CompilerOptimization/CompilerResult/masscan/LLVM14-O2-g/artifacts/masscan_O2_g.bc'""'""' > '""'""'/work/CompilerOptimization/Result/masscan/dg/dg-LLVM14-O2-g/high_precision_20260326_165024/dot/dda_fs.dot'""'""''",0
dda_inv,DDA,ssa+inv,1200,failed,failed,137,67,WARN: Unsupported return of an aggregate type,/home/jimi/PaperExperiment/CompilerOptimization/Result/masscan/dg/dg-LLVM14-O2-g/high_precision_20260326_165024/log/dda_inv.lines.stdout.log,/home/jimi/PaperExperiment/CompilerOptimization/Result/masscan/dg/dg-LLVM14-O2-g/high_precision_20260326_165024/log/dda_inv.lines.stderr.log,failed,137,75,WARN: Unsupported return of an aggregate type,/home/jimi/PaperExperiment/CompilerOptimization/Result/masscan/dg/dg-LLVM14-O2-g/high_precision_20260326_165024/dot/dda_inv.dot,/home/jimi/PaperExperiment/CompilerOptimization/Result/masscan/dg/dg-LLVM14-O2-g/high_precision_20260326_165024/log/dda_inv.dot.stderr.log,"docker run --rm -v /home/jimi/PaperExperiment:/work -w /work --entrypoint /bin/bash dg-llvm14:latest -lc '/opt/dg/bin/llvm-dda-dump --c-lines -dda ssa -pta inv --pta-field-sensitive 64 '""'""'/work/CompilerOptimization/CompilerResult/masscan/LLVM14-O2-g/artifacts/masscan_O2_g.bc'""'""''","docker run --rm -v /home/jimi/PaperExperiment:/work -w /work --entrypoint /bin/bash dg-llvm14:latest -lc '/opt/dg/bin/llvm-dda-dump --c-lines --dot -dda ssa -pta inv --pta-field-sensitive 64 '""'""'/work/CompilerOptimization/CompilerResult/masscan/LLVM14-O2-g/artifacts/masscan_O2_g.bc'""'""' > '""'""'/work/CompilerOptimization/Result/masscan/dg/dg-LLVM14-O2-g/high_precision_20260326_165024/dot/dda_inv.dot'""'""''",0
cda_standard,CDA,standard,300,completed,completed,0,123,,/home/jimi/PaperExperiment/CompilerOptimization/Result/masscan/dg/dg-LLVM14-O2-g/high_precision_20260326_165024/log/cda_standard.lines.stdout.log,/home/jimi/PaperExperiment/CompilerOptimization/Result/masscan/dg/dg-LLVM14-O2-g/high_precision_20260326_165024/log/cda_standard.lines.stderr.log,completed,0,23,,/home/jimi/PaperExperiment/CompilerOptimization/Result/masscan/dg/dg-LLVM14-O2-g/high_precision_20260326_165024/dot/cda_standard.dot,/home/jimi/PaperExperiment/CompilerOptimization/Result/masscan/dg/dg-LLVM14-O2-g/high_precision_20260326_165024/log/cda_standard.dot.stderr.log,"docker run --rm -v /home/jimi/PaperExperiment:/work -w /work --entrypoint /bin/bash dg-llvm14:latest -lc '/opt/dg/bin/llvm-cda-dump --c-lines -cda standard '""'""'/work/CompilerOptimization/CompilerResult/masscan/LLVM14-O2-g/artifacts/masscan_O2_g.bc'""'""''","docker run --rm -v /home/jimi/PaperExperiment:/work -w /work --entrypoint /bin/bash dg-llvm14:latest -lc '/opt/dg/bin/llvm-cda-dump --c-lines --dot -cda standard '""'""'/work/CompilerOptimization/CompilerResult/masscan/LLVM14-O2-g/artifacts/masscan_O2_g.bc'""'""' > '""'""'/work/CompilerOptimization/Result/masscan/dg/dg-LLVM14-O2-g/high_precision_20260326_165024/dot/cda_standard.dot'""'""''",0
cda_ntscd,CDA,ntscd,300,completed,completed,0,150,,/home/jimi/PaperExperiment/CompilerOptimization/Result/masscan/dg/dg-LLVM14-O2-g/high_precision_20260326_165024/log/cda_ntscd.lines.stdout.log,/home/jimi/PaperExperiment/CompilerOptimization/Result/masscan/dg/dg-LLVM14-O2-g/high_precision_20260326_165024/log/cda_ntscd.lines.stderr.log,completed,0,23,,/home/jimi/PaperExperiment/CompilerOptimization/Result/masscan/dg/dg-LLVM14-O2-g/high_precision_20260326_165024/dot/cda_ntscd.dot,/home/jimi/PaperExperiment/CompilerOptimization/Result/masscan/dg/dg-LLVM14-O2-g/high_precision_20260326_165024/log/cda_ntscd.dot.stderr.log,"docker run --rm -v /home/jimi/PaperExperiment:/work -w /work --entrypoint /bin/bash dg-llvm14:latest -lc '/opt/dg/bin/llvm-cda-dump --c-lines -cda ntscd '""'""'/work/CompilerOptimization/CompilerResult/masscan/LLVM14-O2-g/artifacts/masscan_O2_g.bc'""'""''","docker run --rm -v /home/jimi/PaperExperiment:/work -w /work --entrypoint /bin/bash dg-llvm14:latest -lc '/opt/dg/bin/llvm-cda-dump --c-lines --dot -cda ntscd '""'""'/work/CompilerOptimization/CompilerResult/masscan/LLVM14-O2-g/artifacts/masscan_O2_g.bc'""'""' > '""'""'/work/CompilerOptimization/Result/masscan/dg/dg-LLVM14-O2-g/high_precision_20260326_165024/dot/cda_ntscd.dot'""'""''",0
cda_ntscd2,CDA,ntscd2,300,completed,completed,0,134,,/home/jimi/PaperExperiment/CompilerOptimization/Result/masscan/dg/dg-LLVM14-O2-g/high_precision_20260326_165024/log/cda_ntscd2.lines.stdout.log,/home/jimi/PaperExperiment/CompilerOptimization/Result/masscan/dg/dg-LLVM14-O2-g/high_precision_20260326_165024/log/cda_ntscd2.lines.stderr.log,completed,0,27,,/home/jimi/PaperExperiment/CompilerOptimization/Result/masscan/dg/dg-LLVM14-O2-g/high_precision_20260326_165024/dot/cda_ntscd2.dot,/home/jimi/PaperExperiment/CompilerOptimization/Result/masscan/dg/dg-LLVM14-O2-g/high_precision_20260326_165024/log/cda_ntscd2.dot.stderr.log,"docker run --rm -v /home/jimi/PaperExperiment:/work -w /work --entrypoint /bin/bash dg-llvm14:latest -lc '/opt/dg/bin/llvm-cda-dump --c-lines -cda ntscd2 '""'""'/work/CompilerOptimization/CompilerResult/masscan/LLVM14-O2-g/artifacts/masscan_O2_g.bc'""'""''","docker run --rm -v /home/jimi/PaperExperiment:/work -w /work --entrypoint /bin/bash dg-llvm14:latest -lc '/opt/dg/bin/llvm-cda-dump --c-lines --dot -cda ntscd2 '""'""'/work/CompilerOptimization/CompilerResult/masscan/LLVM14-O2-g/artifacts/masscan_O2_g.bc'""'""' > '""'""'/work/CompilerOptimization/Result/masscan/dg/dg-LLVM14-O2-g/high_precision_20260326_165024/dot/cda_ntscd2.dot'""'""''",0
cda_dod,CDA,dod,300,completed,completed,0,104,,/home/jimi/PaperExperiment/CompilerOptimization/Result/masscan/dg/dg-LLVM14-O2-g/high_precision_20260326_165024/log/cda_dod.lines.stdout.log,/home/jimi/PaperExperiment/CompilerOptimization/Result/masscan/dg/dg-LLVM14-O2-g/high_precision_20260326_165024/log/cda_dod.lines.stderr.log,completed,0,24,,/home/jimi/PaperExperiment/CompilerOptimization/Result/masscan/dg/dg-LLVM14-O2-g/high_precision_20260326_165024/dot/cda_dod.dot,/home/jimi/PaperExperiment/CompilerOptimization/Result/masscan/dg/dg-LLVM14-O2-g/high_precision_20260326_165024/log/cda_dod.dot.stderr.log,"docker run --rm -v /home/jimi/PaperExperiment:/work -w /work --entrypoint /bin/bash dg-llvm14:latest -lc '/opt/dg/bin/llvm-cda-dump --c-lines -cda dod '""'""'/work/CompilerOptimization/CompilerResult/masscan/LLVM14-O2-g/artifacts/masscan_O2_g.bc'""'""''","docker run --rm -v /home/jimi/PaperExperiment:/work -w /work --entrypoint /bin/bash dg-llvm14:latest -lc '/opt/dg/bin/llvm-cda-dump --c-lines --dot -cda dod '""'""'/work/CompilerOptimization/CompilerResult/masscan/LLVM14-O2-g/artifacts/masscan_O2_g.bc'""'""' > '""'""'/work/CompilerOptimization/Result/masscan/dg/dg-LLVM14-O2-g/high_precision_20260326_165024/dot/cda_dod.dot'""'""''",0
cda_dod_ntscd,CDA,dod+ntscd,300,completed,completed,0,155,,/home/jimi/PaperExperiment/CompilerOptimization/Result/masscan/dg/dg-LLVM14-O2-g/high_precision_20260326_165024/log/cda_dod_ntscd.lines.stdout.log,/home/jimi/PaperExperiment/CompilerOptimization/Result/masscan/dg/dg-LLVM14-O2-g/high_precision_20260326_165024/log/cda_dod_ntscd.lines.stderr.log,completed,0,24,,/home/jimi/PaperExperiment/CompilerOptimization/Result/masscan/dg/dg-LLVM14-O2-g/high_precision_20260326_165024/dot/cda_dod_ntscd.dot,/home/jimi/PaperExperiment/CompilerOptimization/Result/masscan/dg/dg-LLVM14-O2-g/high_precision_20260326_165024/log/cda_dod_ntscd.dot.stderr.log,"docker run --rm -v /home/jimi/PaperExperiment:/work -w /work --entrypoint /bin/bash dg-llvm14:latest -lc '/opt/dg/bin/llvm-cda-dump --c-lines -cda dod+ntscd '""'""'/work/CompilerOptimization/CompilerResult/masscan/LLVM14-O2-g/artifacts/masscan_O2_g.bc'""'""''","docker run --rm -v /home/jimi/PaperExperiment:/work -w /work --entrypoint /bin/bash dg-llvm14:latest -lc '/opt/dg/bin/llvm-cda-dump --c-lines --dot -cda dod+ntscd '""'""'/work/CompilerOptimization/CompilerResult/masscan/LLVM14-O2-g/artifacts/masscan_O2_g.bc'""'""' > '""'""'/work/CompilerOptimization/Result/masscan/dg/dg-LLVM14-O2-g/high_precision_20260326_165024/dot/cda_dod_ntscd.dot'""'""''",0
cda_ntscd_ranganath,CDA,ntscd-ranganath,300,completed,completed,0,136,,/home/jimi/PaperExperiment/CompilerOptimization/Result/masscan/dg/dg-LLVM14-O2-g/high_precision_20260326_165024/log/cda_ntscd_ranganath.lines.stdout.log,/home/jimi/PaperExperiment/CompilerOptimization/Result/masscan/dg/dg-LLVM14-O2-g/high_precision_20260326_165024/log/cda_ntscd_ranganath.lines.stderr.log,completed,0,30,,/home/jimi/PaperExperiment/CompilerOptimization/Result/masscan/dg/dg-LLVM14-O2-g/high_precision_20260326_165024/dot/cda_ntscd_ranganath.dot,/home/jimi/PaperExperiment/CompilerOptimization/Result/masscan/dg/dg-LLVM14-O2-g/high_precision_20260326_165024/log/cda_ntscd_ranganath.dot.stderr.log,"docker run --rm -v /home/jimi/PaperExperiment:/work -w /work --entrypoint /bin/bash dg-llvm14:latest -lc '/opt/dg/bin/llvm-cda-dump --c-lines -cda ntscd-ranganath '""'""'/work/CompilerOptimization/CompilerResult/masscan/LLVM14-O2-g/artifacts/masscan_O2_g.bc'""'""''","docker run --rm -v /home/jimi/PaperExperiment:/work -w /work --entrypoint /bin/bash dg-llvm14:latest -lc '/opt/dg/bin/llvm-cda-dump --c-lines --dot -cda ntscd-ranganath '""'""'/work/CompilerOptimization/CompilerResult/masscan/LLVM14-O2-g/artifacts/masscan_O2_g.bc'""'""' > '""'""'/work/CompilerOptimization/Result/masscan/dg/dg-LLVM14-O2-g/high_precision_20260326_165024/dot/cda_ntscd_ranganath.dot'""'""''",0
cda_dod_ranganath,CDA,dod-ranganath,1800,completed,completed,0,352,,/home/jimi/PaperExperiment/CompilerOptimization/Result/masscan/dg/dg-LLVM14-O2-g/high_precision_20260326_165024/log/cda_dod_ranganath.lines.stdout.log,/home/jimi/PaperExperiment/CompilerOptimization/Result/masscan/dg/dg-LLVM14-O2-g/high_precision_20260326_165024/log/cda_dod_ranganath.lines.stderr.log,completed,0,272,,/home/jimi/PaperExperiment/CompilerOptimization/Result/masscan/dg/dg-LLVM14-O2-g/high_precision_20260326_165024/dot/cda_dod_ranganath.dot,/home/jimi/PaperExperiment/CompilerOptimization/Result/masscan/dg/dg-LLVM14-O2-g/high_precision_20260326_165024/log/cda_dod_ranganath.dot.stderr.log,"docker run --rm -v /home/jimi/PaperExperiment:/work -w /work --entrypoint /bin/bash dg-llvm14:latest -lc '/opt/dg/bin/llvm-cda-dump --c-lines -cda dod-ranganath '""'""'/work/CompilerOptimization/CompilerResult/masscan/LLVM14-O2-g/artifacts/masscan_O2_g.bc'""'""''","docker run --rm -v /home/jimi/PaperExperiment:/work -w /work --entrypoint /bin/bash dg-llvm14:latest -lc '/opt/dg/bin/llvm-cda-dump --c-lines --dot -cda dod-ranganath '""'""'/work/CompilerOptimization/CompilerResult/masscan/LLVM14-O2-g/artifacts/masscan_O2_g.bc'""'""' > '""'""'/work/CompilerOptimization/Result/masscan/dg/dg-LLVM14-O2-g/high_precision_20260326_165024/dot/cda_dod_ranganath.dot'""'""''",0
cda_standard_icfg,CDA,standard+icfg+pta,300,failed,failed,2,4,ERROR: standard CDA does not support --cda-icfg in DG,/home/jimi/PaperExperiment/CompilerOptimization/Result/masscan/dg/dg-LLVM14-O2-g/high_precision_20260326_165024/log/cda_standard_icfg.lines.stdout.log,/home/jimi/PaperExperiment/CompilerOptimization/Result/masscan/dg/dg-LLVM14-O2-g/high_precision_20260326_165024/log/cda_standard_icfg.lines.stderr.log,failed,2,5,ERROR: standard CDA does not support --cda-icfg in DG,/home/jimi/PaperExperiment/CompilerOptimization/Result/masscan/dg/dg-LLVM14-O2-g/high_precision_20260326_165024/dot/cda_standard_icfg.dot,/home/jimi/PaperExperiment/CompilerOptimization/Result/masscan/dg/dg-LLVM14-O2-g/high_precision_20260326_165024/log/cda_standard_icfg.dot.stderr.log,"docker run --rm -v /home/jimi/PaperExperiment:/work -w /work --entrypoint /bin/bash dg-llvm14:latest -lc '/opt/dg/bin/llvm-cda-dump --c-lines -cda standard --cda-icfg --use-pta --pta-field-sensitive 64 '""'""'/work/CompilerOptimization/CompilerResult/masscan/LLVM14-O2-g/artifacts/masscan_O2_g.bc'""'""''","docker run --rm -v /home/jimi/PaperExperiment:/work -w /work --entrypoint /bin/bash dg-llvm14:latest -lc '/opt/dg/bin/llvm-cda-dump --c-lines --dot -cda standard --cda-icfg --use-pta --pta-field-sensitive 64 '""'""'/work/CompilerOptimization/CompilerResult/masscan/LLVM14-O2-g/artifacts/masscan_O2_g.bc'""'""' > '""'""'/work/CompilerOptimization/Result/masscan/dg/dg-LLVM14-O2-g/high_precision_20260326_165024/dot/cda_standard_icfg.dot'""'""''",1
cda_ntscd_icfg_q,CDA,ntscd+icfg+pta+q,1200,timeout,timeout,124,1200,TIMEOUT,/home/jimi/PaperExperiment/CompilerOptimization/Result/masscan/dg/dg-LLVM14-O2-g/high_precision_20260326_165024/log/cda_ntscd_icfg_q.stdout.log,/home/jimi/PaperExperiment/CompilerOptimization/Result/masscan/dg/dg-LLVM14-O2-g/high_precision_20260326_165024/log/cda_ntscd_icfg_q.stderr.log,,,,,,,"docker run --rm -v /home/jimi/PaperExperiment:/work -w /work --entrypoint /bin/bash dg-llvm14:latest -lc '/opt/dg/bin/llvm-cda-dump -q -cda ntscd --cda-icfg --use-pta --pta-field-sensitive 64 '""'""'/work/CompilerOptimization/CompilerResult/masscan/LLVM14-O2-g/artifacts/masscan_O2_g.bc'""'""''",,0
cda_ntscd_icfg_ir,CDA,ntscd+icfg+pta+ir,1200,timeout,timeout,124,1200,TIMEOUT,/home/jimi/PaperExperiment/CompilerOptimization/Result/masscan/dg/dg-LLVM14-O2-g/high_precision_20260326_165024/log/cda_ntscd_icfg_ir.stdout.log,/home/jimi/PaperExperiment/CompilerOptimization/Result/masscan/dg/dg-LLVM14-O2-g/high_precision_20260326_165024/log/cda_ntscd_icfg_ir.stderr.log,,,,,,,"docker run --rm -v /home/jimi/PaperExperiment:/work -w /work --entrypoint /bin/bash dg-llvm14:latest -lc '/opt/dg/bin/llvm-cda-dump --ir -cda ntscd --cda-icfg --use-pta --pta-field-sensitive 64 '""'""'/work/CompilerOptimization/CompilerResult/masscan/LLVM14-O2-g/artifacts/masscan_O2_g.bc'""'""''",,0
cda_ntscd_icfg_text,CDA,ntscd+icfg+pta+text,300,unsupported_expected,unsupported_expected,2,6,ERROR: llvm-cda-dump textual/--dot dumping for ICFG CDA is currently unsupported; use --ir or -q,/home/jimi/PaperExperiment/CompilerOptimization/Result/masscan/dg/dg-LLVM14-O2-g/high_precision_20260326_165024/log/cda_ntscd_icfg_text.stdout.log,/home/jimi/PaperExperiment/CompilerOptimization/Result/masscan/dg/dg-LLVM14-O2-g/high_precision_20260326_165024/log/cda_ntscd_icfg_text.stderr.log,,,,,,,"docker run --rm -v /home/jimi/PaperExperiment:/work -w /work --entrypoint /bin/bash dg-llvm14:latest -lc '/opt/dg/bin/llvm-cda-dump --c-lines -cda ntscd --cda-icfg --use-pta --pta-field-sensitive 64 '""'""'/work/CompilerOptimization/CompilerResult/masscan/LLVM14-O2-g/artifacts/masscan_O2_g.bc'""'""''",,1
cda_ntscd_icfg_dot,CDA,ntscd+icfg+pta+dot,300,unsupported_expected,,,,,,,unsupported_expected,2,5,ERROR: llvm-cda-dump textual/--dot dumping for ICFG CDA is currently unsupported; use --ir or -q,/home/jimi/PaperExperiment/CompilerOptimization/Result/masscan/dg/dg-LLVM14-O2-g/high_precision_20260326_165024/dot/cda_ntscd_icfg_dot.dot,/home/jimi/PaperExperiment/CompilerOptimization/Result/masscan/dg/dg-LLVM14-O2-g/high_precision_20260326_165024/log/cda_ntscd_icfg_dot.stderr.log,,"docker run --rm -v /home/jimi/PaperExperiment:/work -w /work --entrypoint /bin/bash dg-llvm14:latest -lc '/opt/dg/bin/llvm-cda-dump --c-lines --dot -cda ntscd --cda-icfg --use-pta --pta-field-sensitive 64 '""'""'/work/CompilerOptimization/CompilerResult/masscan/LLVM14-O2-g/artifacts/masscan_O2_g.bc'""'""' > '""'""'/work/CompilerOptimization/Result/masscan/dg/dg-LLVM14-O2-g/high_precision_20260326_165024/dot/cda_ntscd_icfg_dot.dot'""'""''",1
