step,analysis_kind,analysis_mode,diagnostic_only,expected_unsupported,attempts,timeout_plan,used_timeout,overall_status,line_status,line_exit_code,line_elapsed_sec,line_issue,line_stdout,line_stderr,dot_status,dot_exit_code,dot_elapsed_sec,dot_issue,dot_file,dot_stderr,command_lines,command_dot
pta_fi,PTA,fi,0,0,2,lines:900|dot:900,lines:900|dot:900,completed_with_warnings,completed_with_warnings,0,4,"WARNING: Non-0 memset:   tail call void @llvm.memset.p0i8.i64(i8* align 1 %9, i8 %6, i64 %11, i1 false), !dbg !6749",/home/jimi/PaperExperiment/CompilerOptimization/Result/libsndfile/dg/dg-LLVM14-O2-g/high_precision_20260402_153719/log/pta_fi.lines.stdout.log,/home/jimi/PaperExperiment/CompilerOptimization/Result/libsndfile/dg/dg-LLVM14-O2-g/high_precision_20260402_153719/log/pta_fi.lines.stderr.log,completed_with_warnings,0,133,"WARNING: Non-0 memset:   tail call void @llvm.memset.p0i8.i64(i8* align 1 %9, i8 %6, i64 %11, i1 false), !dbg !6749",/home/jimi/PaperExperiment/CompilerOptimization/Result/libsndfile/dg/dg-LLVM14-O2-g/high_precision_20260402_153719/dot/pta_fi.dot,/home/jimi/PaperExperiment/CompilerOptimization/Result/libsndfile/dg/dg-LLVM14-O2-g/high_precision_20260402_153719/log/pta_fi.dot.stderr.log,"docker run --rm -v /home/jimi/PaperExperiment:/work -w /work --entrypoint /bin/bash dg-llvm14:latest -lc '/opt/dg/bin/llvm-pta-dump --c-lines -pta fi '""'""'/work/CompilerOptimization/CompilerResult/libsndfile/LLVM14-O2-g/artifacts/libsndfile_sndfile_convert_O2_g.bc'""'""''","docker run --rm -v /home/jimi/PaperExperiment:/work -w /work --entrypoint /bin/bash dg-llvm14:latest -lc '/opt/dg/bin/llvm-pta-dump --c-lines --ir --dot -pta fi '""'""'/work/CompilerOptimization/CompilerResult/libsndfile/LLVM14-O2-g/artifacts/libsndfile_sndfile_convert_O2_g.bc'""'""' > '""'""'/work/CompilerOptimization/Result/libsndfile/dg/dg-LLVM14-O2-g/high_precision_20260402_153719/dot/pta_fi.dot'""'""''"
pta_fs,PTA,fs,0,0,2,lines:1200|dot:1200,lines:1200|dot:1200,completed_with_warnings,completed_with_warnings,0,298,"WARNING: Non-0 memset:   tail call void @llvm.memset.p0i8.i64(i8* align 1 %9, i8 %6, i64 %11, i1 false), !dbg !6749",/home/jimi/PaperExperiment/CompilerOptimization/Result/libsndfile/dg/dg-LLVM14-O2-g/high_precision_20260402_153719/log/pta_fs.lines.stdout.log,/home/jimi/PaperExperiment/CompilerOptimization/Result/libsndfile/dg/dg-LLVM14-O2-g/high_precision_20260402_153719/log/pta_fs.lines.stderr.log,completed_with_warnings,0,342,"WARNING: Non-0 memset:   tail call void @llvm.memset.p0i8.i64(i8* align 1 %9, i8 %6, i64 %11, i1 false), !dbg !6749",/home/jimi/PaperExperiment/CompilerOptimization/Result/libsndfile/dg/dg-LLVM14-O2-g/high_precision_20260402_153719/dot/pta_fs.dot,/home/jimi/PaperExperiment/CompilerOptimization/Result/libsndfile/dg/dg-LLVM14-O2-g/high_precision_20260402_153719/log/pta_fs.dot.stderr.log,"docker run --rm -v /home/jimi/PaperExperiment:/work -w /work --entrypoint /bin/bash dg-llvm14:latest -lc '/opt/dg/bin/llvm-pta-dump --c-lines -pta fs --pta-field-sensitive 64 '""'""'/work/CompilerOptimization/CompilerResult/libsndfile/LLVM14-O2-g/artifacts/libsndfile_sndfile_convert_O2_g.bc'""'""''","docker run --rm -v /home/jimi/PaperExperiment:/work -w /work --entrypoint /bin/bash dg-llvm14:latest -lc '/opt/dg/bin/llvm-pta-dump --c-lines --ir --dot -pta fs --pta-field-sensitive 64 '""'""'/work/CompilerOptimization/CompilerResult/libsndfile/LLVM14-O2-g/artifacts/libsndfile_sndfile_convert_O2_g.bc'""'""' > '""'""'/work/CompilerOptimization/Result/libsndfile/dg/dg-LLVM14-O2-g/high_precision_20260402_153719/dot/pta_fs.dot'""'""''"
pta_inv,PTA,inv,0,0,2,lines:1200|dot:1200,lines:1200|dot:1200,completed_with_warnings,completed_with_warnings,0,417,"WARNING: Non-0 memset:   tail call void @llvm.memset.p0i8.i64(i8* align 1 %9, i8 %6, i64 %11, i1 false), !dbg !6749",/home/jimi/PaperExperiment/CompilerOptimization/Result/libsndfile/dg/dg-LLVM14-O2-g/high_precision_20260402_153719/log/pta_inv.lines.stdout.log,/home/jimi/PaperExperiment/CompilerOptimization/Result/libsndfile/dg/dg-LLVM14-O2-g/high_precision_20260402_153719/log/pta_inv.lines.stderr.log,completed_with_warnings,0,451,"WARNING: Non-0 memset:   tail call void @llvm.memset.p0i8.i64(i8* align 1 %9, i8 %6, i64 %11, i1 false), !dbg !6749",/home/jimi/PaperExperiment/CompilerOptimization/Result/libsndfile/dg/dg-LLVM14-O2-g/high_precision_20260402_153719/dot/pta_inv.dot,/home/jimi/PaperExperiment/CompilerOptimization/Result/libsndfile/dg/dg-LLVM14-O2-g/high_precision_20260402_153719/log/pta_inv.dot.stderr.log,"docker run --rm -v /home/jimi/PaperExperiment:/work -w /work --entrypoint /bin/bash dg-llvm14:latest -lc '/opt/dg/bin/llvm-pta-dump --c-lines -pta inv --pta-field-sensitive 64 '""'""'/work/CompilerOptimization/CompilerResult/libsndfile/LLVM14-O2-g/artifacts/libsndfile_sndfile_convert_O2_g.bc'""'""''","docker run --rm -v /home/jimi/PaperExperiment:/work -w /work --entrypoint /bin/bash dg-llvm14:latest -lc '/opt/dg/bin/llvm-pta-dump --c-lines --ir --dot -pta inv --pta-field-sensitive 64 '""'""'/work/CompilerOptimization/CompilerResult/libsndfile/LLVM14-O2-g/artifacts/libsndfile_sndfile_convert_O2_g.bc'""'""' > '""'""'/work/CompilerOptimization/Result/libsndfile/dg/dg-LLVM14-O2-g/high_precision_20260402_153719/dot/pta_inv.dot'""'""''"
dda_fi,DDA,ssa+fi,0,0,2,lines:900|dot:900,lines:900|dot:900,failed,failed,137,189,[RWG] error: could not determine the called function in a call via pointer:,/home/jimi/PaperExperiment/CompilerOptimization/Result/libsndfile/dg/dg-LLVM14-O2-g/high_precision_20260402_153719/log/dda_fi.lines.stdout.log,/home/jimi/PaperExperiment/CompilerOptimization/Result/libsndfile/dg/dg-LLVM14-O2-g/high_precision_20260402_153719/log/dda_fi.lines.stderr.log,failed,137,524,[RWG] error: could not determine the called function in a call via pointer:,/home/jimi/PaperExperiment/CompilerOptimization/Result/libsndfile/dg/dg-LLVM14-O2-g/high_precision_20260402_153719/dot/dda_fi.dot,/home/jimi/PaperExperiment/CompilerOptimization/Result/libsndfile/dg/dg-LLVM14-O2-g/high_precision_20260402_153719/log/dda_fi.dot.stderr.log,"docker run --rm -v /home/jimi/PaperExperiment:/work -w /work --entrypoint /bin/bash dg-llvm14:latest -lc '/opt/dg/bin/llvm-dda-dump --c-lines -dda ssa -pta fi '""'""'/work/CompilerOptimization/CompilerResult/libsndfile/LLVM14-O2-g/artifacts/libsndfile_sndfile_convert_O2_g.bc'""'""''","docker run --rm -v /home/jimi/PaperExperiment:/work -w /work --entrypoint /bin/bash dg-llvm14:latest -lc '/opt/dg/bin/llvm-dda-dump --c-lines --dot -dda ssa -pta fi '""'""'/work/CompilerOptimization/CompilerResult/libsndfile/LLVM14-O2-g/artifacts/libsndfile_sndfile_convert_O2_g.bc'""'""' > '""'""'/work/CompilerOptimization/Result/libsndfile/dg/dg-LLVM14-O2-g/high_precision_20260402_153719/dot/dda_fi.dot'""'""''"
dda_fs,DDA,ssa+fs,0,0,2,lines:1200|dot:1200,lines:1200|dot:1200,failed,failed,137,573,[RWG] error: could not determine the called function in a call via pointer:,/home/jimi/PaperExperiment/CompilerOptimization/Result/libsndfile/dg/dg-LLVM14-O2-g/high_precision_20260402_153719/log/dda_fs.lines.stdout.log,/home/jimi/PaperExperiment/CompilerOptimization/Result/libsndfile/dg/dg-LLVM14-O2-g/high_precision_20260402_153719/log/dda_fs.lines.stderr.log,failed,137,360,[RWG] error: could not determine the called function in a call via pointer:,/home/jimi/PaperExperiment/CompilerOptimization/Result/libsndfile/dg/dg-LLVM14-O2-g/high_precision_20260402_153719/dot/dda_fs.dot,/home/jimi/PaperExperiment/CompilerOptimization/Result/libsndfile/dg/dg-LLVM14-O2-g/high_precision_20260402_153719/log/dda_fs.dot.stderr.log,"docker run --rm -v /home/jimi/PaperExperiment:/work -w /work --entrypoint /bin/bash dg-llvm14:latest -lc '/opt/dg/bin/llvm-dda-dump --c-lines -dda ssa -pta fs --pta-field-sensitive 64 '""'""'/work/CompilerOptimization/CompilerResult/libsndfile/LLVM14-O2-g/artifacts/libsndfile_sndfile_convert_O2_g.bc'""'""''","docker run --rm -v /home/jimi/PaperExperiment:/work -w /work --entrypoint /bin/bash dg-llvm14:latest -lc '/opt/dg/bin/llvm-dda-dump --c-lines --dot -dda ssa -pta fs --pta-field-sensitive 64 '""'""'/work/CompilerOptimization/CompilerResult/libsndfile/LLVM14-O2-g/artifacts/libsndfile_sndfile_convert_O2_g.bc'""'""' > '""'""'/work/CompilerOptimization/Result/libsndfile/dg/dg-LLVM14-O2-g/high_precision_20260402_153719/dot/dda_fs.dot'""'""''"
dda_inv,DDA,ssa+inv,0,0,2,lines:1200|dot:1200,lines:1200|dot:1200,failed,failed,137,1117,[RWG] error: could not determine the called function in a call via pointer:,/home/jimi/PaperExperiment/CompilerOptimization/Result/libsndfile/dg/dg-LLVM14-O2-g/high_precision_20260402_153719/log/dda_inv.lines.stdout.log,/home/jimi/PaperExperiment/CompilerOptimization/Result/libsndfile/dg/dg-LLVM14-O2-g/high_precision_20260402_153719/log/dda_inv.lines.stderr.log,timeout,124,1200,TIMEOUT,/home/jimi/PaperExperiment/CompilerOptimization/Result/libsndfile/dg/dg-LLVM14-O2-g/high_precision_20260402_153719/dot/dda_inv.dot,/home/jimi/PaperExperiment/CompilerOptimization/Result/libsndfile/dg/dg-LLVM14-O2-g/high_precision_20260402_153719/log/dda_inv.dot.stderr.log,"docker run --rm -v /home/jimi/PaperExperiment:/work -w /work --entrypoint /bin/bash dg-llvm14:latest -lc '/opt/dg/bin/llvm-dda-dump --c-lines -dda ssa -pta inv --pta-field-sensitive 64 '""'""'/work/CompilerOptimization/CompilerResult/libsndfile/LLVM14-O2-g/artifacts/libsndfile_sndfile_convert_O2_g.bc'""'""''","docker run --rm -v /home/jimi/PaperExperiment:/work -w /work --entrypoint /bin/bash dg-llvm14:latest -lc '/opt/dg/bin/llvm-dda-dump --c-lines --dot -dda ssa -pta inv --pta-field-sensitive 64 '""'""'/work/CompilerOptimization/CompilerResult/libsndfile/LLVM14-O2-g/artifacts/libsndfile_sndfile_convert_O2_g.bc'""'""' > '""'""'/work/CompilerOptimization/Result/libsndfile/dg/dg-LLVM14-O2-g/high_precision_20260402_153719/dot/dda_inv.dot'""'""''"
cda_standard,CDA,standard,0,0,2,lines:300;1800;3600|dot:300;1800;3600,lines:300|dot:300,completed,completed,0,10,,/home/jimi/PaperExperiment/CompilerOptimization/Result/libsndfile/dg/dg-LLVM14-O2-g/high_precision_20260402_153719/log/cda_standard.lines.stdout.log,/home/jimi/PaperExperiment/CompilerOptimization/Result/libsndfile/dg/dg-LLVM14-O2-g/high_precision_20260402_153719/log/cda_standard.lines.stderr.log,completed,0,5,,/home/jimi/PaperExperiment/CompilerOptimization/Result/libsndfile/dg/dg-LLVM14-O2-g/high_precision_20260402_153719/dot/cda_standard.dot,/home/jimi/PaperExperiment/CompilerOptimization/Result/libsndfile/dg/dg-LLVM14-O2-g/high_precision_20260402_153719/log/cda_standard.dot.stderr.log,"docker run --rm -v /home/jimi/PaperExperiment:/work -w /work --entrypoint /bin/bash dg-llvm14:latest -lc '/opt/dg/bin/llvm-cda-dump --c-lines -cda standard '""'""'/work/CompilerOptimization/CompilerResult/libsndfile/LLVM14-O2-g/artifacts/libsndfile_sndfile_convert_O2_g.bc'""'""''","docker run --rm -v /home/jimi/PaperExperiment:/work -w /work --entrypoint /bin/bash dg-llvm14:latest -lc '/opt/dg/bin/llvm-cda-dump --c-lines --dot -cda standard '""'""'/work/CompilerOptimization/CompilerResult/libsndfile/LLVM14-O2-g/artifacts/libsndfile_sndfile_convert_O2_g.bc'""'""' > '""'""'/work/CompilerOptimization/Result/libsndfile/dg/dg-LLVM14-O2-g/high_precision_20260402_153719/dot/cda_standard.dot'""'""''"
cda_ntscd,CDA,ntscd,0,0,2,lines:300;1800;3600|dot:300;1800;3600,lines:300|dot:300,completed,completed,0,13,,/home/jimi/PaperExperiment/CompilerOptimization/Result/libsndfile/dg/dg-LLVM14-O2-g/high_precision_20260402_153719/log/cda_ntscd.lines.stdout.log,/home/jimi/PaperExperiment/CompilerOptimization/Result/libsndfile/dg/dg-LLVM14-O2-g/high_precision_20260402_153719/log/cda_ntscd.lines.stderr.log,completed,0,5,,/home/jimi/PaperExperiment/CompilerOptimization/Result/libsndfile/dg/dg-LLVM14-O2-g/high_precision_20260402_153719/dot/cda_ntscd.dot,/home/jimi/PaperExperiment/CompilerOptimization/Result/libsndfile/dg/dg-LLVM14-O2-g/high_precision_20260402_153719/log/cda_ntscd.dot.stderr.log,"docker run --rm -v /home/jimi/PaperExperiment:/work -w /work --entrypoint /bin/bash dg-llvm14:latest -lc '/opt/dg/bin/llvm-cda-dump --c-lines -cda ntscd '""'""'/work/CompilerOptimization/CompilerResult/libsndfile/LLVM14-O2-g/artifacts/libsndfile_sndfile_convert_O2_g.bc'""'""''","docker run --rm -v /home/jimi/PaperExperiment:/work -w /work --entrypoint /bin/bash dg-llvm14:latest -lc '/opt/dg/bin/llvm-cda-dump --c-lines --dot -cda ntscd '""'""'/work/CompilerOptimization/CompilerResult/libsndfile/LLVM14-O2-g/artifacts/libsndfile_sndfile_convert_O2_g.bc'""'""' > '""'""'/work/CompilerOptimization/Result/libsndfile/dg/dg-LLVM14-O2-g/high_precision_20260402_153719/dot/cda_ntscd.dot'""'""''"
cda_ntscd2,CDA,ntscd2,0,0,2,lines:300;1800;3600|dot:300;1800;3600,lines:300|dot:300,completed,completed,0,13,,/home/jimi/PaperExperiment/CompilerOptimization/Result/libsndfile/dg/dg-LLVM14-O2-g/high_precision_20260402_153719/log/cda_ntscd2.lines.stdout.log,/home/jimi/PaperExperiment/CompilerOptimization/Result/libsndfile/dg/dg-LLVM14-O2-g/high_precision_20260402_153719/log/cda_ntscd2.lines.stderr.log,completed,0,5,,/home/jimi/PaperExperiment/CompilerOptimization/Result/libsndfile/dg/dg-LLVM14-O2-g/high_precision_20260402_153719/dot/cda_ntscd2.dot,/home/jimi/PaperExperiment/CompilerOptimization/Result/libsndfile/dg/dg-LLVM14-O2-g/high_precision_20260402_153719/log/cda_ntscd2.dot.stderr.log,"docker run --rm -v /home/jimi/PaperExperiment:/work -w /work --entrypoint /bin/bash dg-llvm14:latest -lc '/opt/dg/bin/llvm-cda-dump --c-lines -cda ntscd2 '""'""'/work/CompilerOptimization/CompilerResult/libsndfile/LLVM14-O2-g/artifacts/libsndfile_sndfile_convert_O2_g.bc'""'""''","docker run --rm -v /home/jimi/PaperExperiment:/work -w /work --entrypoint /bin/bash dg-llvm14:latest -lc '/opt/dg/bin/llvm-cda-dump --c-lines --dot -cda ntscd2 '""'""'/work/CompilerOptimization/CompilerResult/libsndfile/LLVM14-O2-g/artifacts/libsndfile_sndfile_convert_O2_g.bc'""'""' > '""'""'/work/CompilerOptimization/Result/libsndfile/dg/dg-LLVM14-O2-g/high_precision_20260402_153719/dot/cda_ntscd2.dot'""'""''"
cda_dod,CDA,dod,0,0,2,lines:300;1800;3600|dot:300;1800;3600,lines:300|dot:300,completed,completed,0,2,,/home/jimi/PaperExperiment/CompilerOptimization/Result/libsndfile/dg/dg-LLVM14-O2-g/high_precision_20260402_153719/log/cda_dod.lines.stdout.log,/home/jimi/PaperExperiment/CompilerOptimization/Result/libsndfile/dg/dg-LLVM14-O2-g/high_precision_20260402_153719/log/cda_dod.lines.stderr.log,completed,0,5,,/home/jimi/PaperExperiment/CompilerOptimization/Result/libsndfile/dg/dg-LLVM14-O2-g/high_precision_20260402_153719/dot/cda_dod.dot,/home/jimi/PaperExperiment/CompilerOptimization/Result/libsndfile/dg/dg-LLVM14-O2-g/high_precision_20260402_153719/log/cda_dod.dot.stderr.log,"docker run --rm -v /home/jimi/PaperExperiment:/work -w /work --entrypoint /bin/bash dg-llvm14:latest -lc '/opt/dg/bin/llvm-cda-dump --c-lines -cda dod '""'""'/work/CompilerOptimization/CompilerResult/libsndfile/LLVM14-O2-g/artifacts/libsndfile_sndfile_convert_O2_g.bc'""'""''","docker run --rm -v /home/jimi/PaperExperiment:/work -w /work --entrypoint /bin/bash dg-llvm14:latest -lc '/opt/dg/bin/llvm-cda-dump --c-lines --dot -cda dod '""'""'/work/CompilerOptimization/CompilerResult/libsndfile/LLVM14-O2-g/artifacts/libsndfile_sndfile_convert_O2_g.bc'""'""' > '""'""'/work/CompilerOptimization/Result/libsndfile/dg/dg-LLVM14-O2-g/high_precision_20260402_153719/dot/cda_dod.dot'""'""''"
cda_dod_ntscd,CDA,dod+ntscd,0,0,2,lines:300;1800;3600|dot:300;1800;3600,lines:300|dot:300,completed,completed,0,13,,/home/jimi/PaperExperiment/CompilerOptimization/Result/libsndfile/dg/dg-LLVM14-O2-g/high_precision_20260402_153719/log/cda_dod_ntscd.lines.stdout.log,/home/jimi/PaperExperiment/CompilerOptimization/Result/libsndfile/dg/dg-LLVM14-O2-g/high_precision_20260402_153719/log/cda_dod_ntscd.lines.stderr.log,completed,0,5,,/home/jimi/PaperExperiment/CompilerOptimization/Result/libsndfile/dg/dg-LLVM14-O2-g/high_precision_20260402_153719/dot/cda_dod_ntscd.dot,/home/jimi/PaperExperiment/CompilerOptimization/Result/libsndfile/dg/dg-LLVM14-O2-g/high_precision_20260402_153719/log/cda_dod_ntscd.dot.stderr.log,"docker run --rm -v /home/jimi/PaperExperiment:/work -w /work --entrypoint /bin/bash dg-llvm14:latest -lc '/opt/dg/bin/llvm-cda-dump --c-lines -cda dod+ntscd '""'""'/work/CompilerOptimization/CompilerResult/libsndfile/LLVM14-O2-g/artifacts/libsndfile_sndfile_convert_O2_g.bc'""'""''","docker run --rm -v /home/jimi/PaperExperiment:/work -w /work --entrypoint /bin/bash dg-llvm14:latest -lc '/opt/dg/bin/llvm-cda-dump --c-lines --dot -cda dod+ntscd '""'""'/work/CompilerOptimization/CompilerResult/libsndfile/LLVM14-O2-g/artifacts/libsndfile_sndfile_convert_O2_g.bc'""'""' > '""'""'/work/CompilerOptimization/Result/libsndfile/dg/dg-LLVM14-O2-g/high_precision_20260402_153719/dot/cda_dod_ntscd.dot'""'""''"
cda_ntscd_ranganath,CDA,ntscd-ranganath,0,0,2,lines:300;1800;3600|dot:300;1800;3600,lines:300|dot:300,completed,completed,0,14,,/home/jimi/PaperExperiment/CompilerOptimization/Result/libsndfile/dg/dg-LLVM14-O2-g/high_precision_20260402_153719/log/cda_ntscd_ranganath.lines.stdout.log,/home/jimi/PaperExperiment/CompilerOptimization/Result/libsndfile/dg/dg-LLVM14-O2-g/high_precision_20260402_153719/log/cda_ntscd_ranganath.lines.stderr.log,completed,0,5,,/home/jimi/PaperExperiment/CompilerOptimization/Result/libsndfile/dg/dg-LLVM14-O2-g/high_precision_20260402_153719/dot/cda_ntscd_ranganath.dot,/home/jimi/PaperExperiment/CompilerOptimization/Result/libsndfile/dg/dg-LLVM14-O2-g/high_precision_20260402_153719/log/cda_ntscd_ranganath.dot.stderr.log,"docker run --rm -v /home/jimi/PaperExperiment:/work -w /work --entrypoint /bin/bash dg-llvm14:latest -lc '/opt/dg/bin/llvm-cda-dump --c-lines -cda ntscd-ranganath '""'""'/work/CompilerOptimization/CompilerResult/libsndfile/LLVM14-O2-g/artifacts/libsndfile_sndfile_convert_O2_g.bc'""'""''","docker run --rm -v /home/jimi/PaperExperiment:/work -w /work --entrypoint /bin/bash dg-llvm14:latest -lc '/opt/dg/bin/llvm-cda-dump --c-lines --dot -cda ntscd-ranganath '""'""'/work/CompilerOptimization/CompilerResult/libsndfile/LLVM14-O2-g/artifacts/libsndfile_sndfile_convert_O2_g.bc'""'""' > '""'""'/work/CompilerOptimization/Result/libsndfile/dg/dg-LLVM14-O2-g/high_precision_20260402_153719/dot/cda_ntscd_ranganath.dot'""'""''"
cda_dod_ranganath,CDA,dod-ranganath,0,0,2,lines:7200|dot:7200,lines:7200|dot:7200,completed,completed,0,38,,/home/jimi/PaperExperiment/CompilerOptimization/Result/libsndfile/dg/dg-LLVM14-O2-g/high_precision_20260402_153719/log/cda_dod_ranganath.lines.stdout.log,/home/jimi/PaperExperiment/CompilerOptimization/Result/libsndfile/dg/dg-LLVM14-O2-g/high_precision_20260402_153719/log/cda_dod_ranganath.lines.stderr.log,completed,0,43,,/home/jimi/PaperExperiment/CompilerOptimization/Result/libsndfile/dg/dg-LLVM14-O2-g/high_precision_20260402_153719/dot/cda_dod_ranganath.dot,/home/jimi/PaperExperiment/CompilerOptimization/Result/libsndfile/dg/dg-LLVM14-O2-g/high_precision_20260402_153719/log/cda_dod_ranganath.dot.stderr.log,"docker run --rm -v /home/jimi/PaperExperiment:/work -w /work --entrypoint /bin/bash dg-llvm14:latest -lc '/opt/dg/bin/llvm-cda-dump --c-lines -cda dod-ranganath '""'""'/work/CompilerOptimization/CompilerResult/libsndfile/LLVM14-O2-g/artifacts/libsndfile_sndfile_convert_O2_g.bc'""'""''","docker run --rm -v /home/jimi/PaperExperiment:/work -w /work --entrypoint /bin/bash dg-llvm14:latest -lc '/opt/dg/bin/llvm-cda-dump --c-lines --dot -cda dod-ranganath '""'""'/work/CompilerOptimization/CompilerResult/libsndfile/LLVM14-O2-g/artifacts/libsndfile_sndfile_convert_O2_g.bc'""'""' > '""'""'/work/CompilerOptimization/Result/libsndfile/dg/dg-LLVM14-O2-g/high_precision_20260402_153719/dot/cda_dod_ranganath.dot'""'""''"
cda_standard_icfg,CDA,standard+icfg+pta,0,1,1,300,300,failed,failed,2,1,ERROR: standard CDA does not support --cda-icfg in DG,/home/jimi/PaperExperiment/CompilerOptimization/Result/libsndfile/dg/dg-LLVM14-O2-g/high_precision_20260402_153719/log/cda_standard_icfg.stdout.log,/home/jimi/PaperExperiment/CompilerOptimization/Result/libsndfile/dg/dg-LLVM14-O2-g/high_precision_20260402_153719/log/cda_standard_icfg.stderr.log,,,,,,,"docker run --rm -v /home/jimi/PaperExperiment:/work -w /work --entrypoint /bin/bash dg-llvm14:latest -lc '/opt/dg/bin/llvm-cda-dump --c-lines -cda standard --cda-icfg --use-pta --pta-field-sensitive 64 '""'""'/work/CompilerOptimization/CompilerResult/libsndfile/LLVM14-O2-g/artifacts/libsndfile_sndfile_convert_O2_g.bc'""'""''",
cda_ntscd_icfg_q,CDA,ntscd+icfg+pta+q,1,0,1,1200,1200,completed_with_warnings,completed_with_warnings,0,3,"WARNING: Non-0 memset:   tail call void @llvm.memset.p0i8.i64(i8* align 1 %9, i8 %6, i64 %11, i1 false), !dbg !6749",/home/jimi/PaperExperiment/CompilerOptimization/Result/libsndfile/dg/dg-LLVM14-O2-g/high_precision_20260402_153719/log/cda_ntscd_icfg_q.stdout.log,/home/jimi/PaperExperiment/CompilerOptimization/Result/libsndfile/dg/dg-LLVM14-O2-g/high_precision_20260402_153719/log/cda_ntscd_icfg_q.stderr.log,,,,,,,"docker run --rm -v /home/jimi/PaperExperiment:/work -w /work --entrypoint /bin/bash dg-llvm14:latest -lc '/opt/dg/bin/llvm-cda-dump -q -cda ntscd --cda-icfg --use-pta --pta-field-sensitive 64 '""'""'/work/CompilerOptimization/CompilerResult/libsndfile/LLVM14-O2-g/artifacts/libsndfile_sndfile_convert_O2_g.bc'""'""''",
cda_ntscd_icfg_ir,CDA,ntscd+icfg+pta+ir,1,0,1,1200,1200,completed_with_warnings,completed_with_warnings,0,3,"WARNING: Non-0 memset:   tail call void @llvm.memset.p0i8.i64(i8* align 1 %9, i8 %6, i64 %11, i1 false), !dbg !6749",/home/jimi/PaperExperiment/CompilerOptimization/Result/libsndfile/dg/dg-LLVM14-O2-g/high_precision_20260402_153719/log/cda_ntscd_icfg_ir.stdout.log,/home/jimi/PaperExperiment/CompilerOptimization/Result/libsndfile/dg/dg-LLVM14-O2-g/high_precision_20260402_153719/log/cda_ntscd_icfg_ir.stderr.log,,,,,,,"docker run --rm -v /home/jimi/PaperExperiment:/work -w /work --entrypoint /bin/bash dg-llvm14:latest -lc '/opt/dg/bin/llvm-cda-dump --ir -cda ntscd --cda-icfg --use-pta --pta-field-sensitive 64 '""'""'/work/CompilerOptimization/CompilerResult/libsndfile/LLVM14-O2-g/artifacts/libsndfile_sndfile_convert_O2_g.bc'""'""''",
cda_ntscd_icfg_text,CDA,ntscd+icfg+pta+text,0,1,1,300,300,unsupported,unsupported,2,1,ERROR: llvm-cda-dump textual/--dot dumping for ICFG CDA is currently unsupported; use --ir or -q,/home/jimi/PaperExperiment/CompilerOptimization/Result/libsndfile/dg/dg-LLVM14-O2-g/high_precision_20260402_153719/log/cda_ntscd_icfg_text.stdout.log,/home/jimi/PaperExperiment/CompilerOptimization/Result/libsndfile/dg/dg-LLVM14-O2-g/high_precision_20260402_153719/log/cda_ntscd_icfg_text.stderr.log,,,,,,,"docker run --rm -v /home/jimi/PaperExperiment:/work -w /work --entrypoint /bin/bash dg-llvm14:latest -lc '/opt/dg/bin/llvm-cda-dump --c-lines -cda ntscd --cda-icfg --use-pta --pta-field-sensitive 64 '""'""'/work/CompilerOptimization/CompilerResult/libsndfile/LLVM14-O2-g/artifacts/libsndfile_sndfile_convert_O2_g.bc'""'""''",
cda_ntscd_icfg_dot,CDA,ntscd+icfg+pta+dot,0,1,1,300,300,unsupported,,,,,,,unsupported,2,1,ERROR: llvm-cda-dump textual/--dot dumping for ICFG CDA is currently unsupported; use --ir or -q,/home/jimi/PaperExperiment/CompilerOptimization/Result/libsndfile/dg/dg-LLVM14-O2-g/high_precision_20260402_153719/dot/cda_ntscd_icfg_dot.dot,/home/jimi/PaperExperiment/CompilerOptimization/Result/libsndfile/dg/dg-LLVM14-O2-g/high_precision_20260402_153719/log/cda_ntscd_icfg_dot.stderr.log,,"docker run --rm -v /home/jimi/PaperExperiment:/work -w /work --entrypoint /bin/bash dg-llvm14:latest -lc '/opt/dg/bin/llvm-cda-dump --c-lines --dot -cda ntscd --cda-icfg --use-pta --pta-field-sensitive 64 '""'""'/work/CompilerOptimization/CompilerResult/libsndfile/LLVM14-O2-g/artifacts/libsndfile_sndfile_convert_O2_g.bc'""'""' > '""'""'/work/CompilerOptimization/Result/libsndfile/dg/dg-LLVM14-O2-g/high_precision_20260402_153719/dot/cda_ntscd_icfg_dot.dot'""'""''"
